{
  "FilterHeaders": [
    {
      "Header": "user-agent",
      "IncludeInScript": false
    },
    {
      "Header": "upgrade-insecure-requests",
      "IncludeInScript": true
    },
    {
      "Header": "sec-gpc",
      "IncludeInScript": true
    },
    {
      "Header": "priority",
      "IncludeInScript": true
    },
    {
      "Header": "origin",
      "IncludeInScript": true
    },
    {
      "Header": "if-none-match",
      "IncludeInScript": false
    },
    {
      "Header": "if-modified-since",
      "IncludeInScript": false
    },
    {
      "Header": "dnt",
      "IncludeInScript": true
    },
    {
      "Header": "accept-language",
      "IncludeInScript": false
    },
    {
      "Header": "accept-encoding",
      "IncludeInScript": false
    },
    {
      "Header": "accept",
      "IncludeInScript": false
    }
  ],
  "FilterResources": [
    {
      "IsNonResource": true,
      "type": "text/html"
    },
    {
      "IsNonResource": false,
      "type": "image/png"
    },
    {
      "IsNonResource": false,
      "type": "image/gif"
    }
  ],
  "GeneralInfo": {
    "BrowserVersion": "",
    "IsWinInetMode": false,
    "MaxUsedConnections": 14,
    "RecordedBrowser": "Firefox",
    "RecordingDate": "СЃРµРЅ-26-2024",
    "RecordingDuration": 303594,
    "RecordingMode": "N/A",
    "RecordingTimeStamp": 1727356713,
    "RecordingType": "Browser",
    "TotalBytesReceived": 45970,
    "TotalBytesSent": 22297,
    "TotalRequests": 36,
    "UserAgent": "Mozilla/5.0 (Windows NT 10.0; Win64; x64; rv:130.0) Gecko/20100101 Firefox/130.0"
  },
  "HostInfo": [
    {
      "DomainName": "mozilla.org",
      "Domains": [
        {
          "HTTPVersion": "HTTP/1.1",
          "IP": "34.120.208.123",
          "IncludeInScript": false,
          "Name": "incoming.telemetry.mozilla.org",
          "Port": 443,
          "Requests": [
            {
              "CompressionType": "gzip",
              "DataType": "text/plain",
              "DownloadTime": 219,
              "EventId": 334,
              "HttpStatus": 200,
              "Size": 20,
              "URL": "https://incoming.telemetry.mozilla.org/submit/firefox-desktop/baseline/1/59ff8e6c-6821-49d5-b0ac-41223fe93998"
            },
            {
              "CompressionType": "gzip",
              "DataType": "text/plain",
              "DownloadTime": 281,
              "EventId": 332,
              "HttpStatus": 200,
              "Size": 20,
              "URL": "https://incoming.telemetry.mozilla.org/submit/firefox-desktop/newtab/1/e2207e24-7584-43ee-b926-61543ec6740e"
            },
            {
              "CompressionType": "gzip",
              "DataType": "text/plain",
              "DownloadTime": 281,
              "EventId": 329,
              "HttpStatus": 200,
              "Size": 20,
              "URL": "https://incoming.telemetry.mozilla.org/submit/firefox-desktop/pageload/1/c661de01-dc62-4315-9b20-9304bc74d146"
            },
            {
              "CompressionType": "gzip",
              "DataType": "text/plain",
              "DownloadTime": 266,
              "EventId": 326,
              "HttpStatus": 200,
              "Size": 20,
              "URL": "https://incoming.telemetry.mozilla.org/submit/firefox-desktop/use-counters/1/23ad72c5-0fc6-4bc6-b783-d1b443f0a2a2"
            },
            {
              "CompressionType": "gzip",
              "DataType": "text/plain",
              "DownloadTime": 313,
              "EventId": 323,
              "HttpStatus": 200,
              "Size": 20,
              "URL": "https://incoming.telemetry.mozilla.org/submit/firefox-desktop/baseline/1/de09f6b9-32dc-45fd-911d-8a61c4149029"
            },
            {
              "CompressionType": "gzip",
              "DataType": "text/plain",
              "DownloadTime": 266,
              "EventId": 320,
              "HttpStatus": 200,
              "Size": 20,
              "URL": "https://incoming.telemetry.mozilla.org/submit/firefox-desktop/baseline/1/b8b6aa7d-a9c7-4389-939d-b654fd5ffd59"
            },
            {
              "CompressionType": "gzip",
              "DataType": "text/plain",
              "DownloadTime": 281,
              "EventId": 313,
              "HttpStatus": 200,
              "Size": 20,
              "URL": "https://incoming.telemetry.mozilla.org/submit/firefox-desktop/events/1/52c2040f-31b2-49aa-865b-be092d58eddc"
            }
          ],
          "SSLCipher": "TLS_AES_256_GCM_SHA384",
          "SSLVersion": "TLS1.3"
        },
        {
          "HTTPVersion": "HTTP/1.1",
          "IP": "35.244.181.201",
          "IncludeInScript": false,
          "Name": "aus5.mozilla.org",
          "Port": 443,
          "Requests": [
            {
              "CompressionType": "",
              "DataType": "text/xml",
              "DownloadTime": 32,
              "EventId": 289,
              "HttpStatus": 200,
              "Size": 42,
              "URL": "https://aus5.mozilla.org/update/6/Firefox/130.0.1/20240913135723/WINNT_x86_64-msvc-x64/ru/release/Windows_NT%252010.0.0.0.19045.4894%2520(x64)/ISET%3ASSE4_2%2CMEM%3A15724/default/default/update.xml?force=1"
            }
          ],
          "SSLCipher": "TLS_AES_256_GCM_SHA384",
          "SSLVersion": "TLS1.3"
        }
      ],
      "IncludeInScript": true
    },
    {
      "DomainName": "mozilla.net",
      "Domains": [
        {
          "HTTPVersion": "HTTP/1.1",
          "IP": "[2600:1901:0:92a9::]",
          "IncludeInScript": false,
          "Name": "content-signature-2.cdn.mozilla.net",
          "Port": 443,
          "Requests": [
            {
              "CompressionType": "",
              "DataType": "binary/octet-stream",
              "DownloadTime": 62,
              "EventId": 302,
              "HttpStatus": 200,
              "Size": 5352,
              "URL": "https://content-signature-2.cdn.mozilla.net/chains/remote-settings.content-signature.mozilla.org-2024-10-28-16-16-00.chain"
            }
          ],
          "SSLCipher": "TLS_AES_256_GCM_SHA384",
          "SSLVersion": "TLS1.3"
        }
      ],
      "IncludeInScript": true
    },
    {
      "DomainName": "mozilla.com",
      "Domains": [
        {
          "HTTPVersion": "HTTP/1.1",
          "IP": "34.107.243.93",
          "IncludeInScript": false,
          "Name": "push.services.mozilla.com",
          "Port": 443,
          "Requests": [
            {
              "CompressionType": "",
              "DataType": "",
              "DownloadTime": 219,
              "EventId": 310,
              "HttpStatus": 101,
              "Size": 0,
              "URL": "https://push.services.mozilla.com/"
            }
          ],
          "SSLCipher": "TLS_AES_256_GCM_SHA384",
          "SSLVersion": "TLS1.3"
        },
        {
          "HTTPVersion": "HTTP/1.1",
          "IP": "34.149.100.209",
          "IncludeInScript": false,
          "Name": "firefox.settings.services.mozilla.com",
          "Port": 443,
          "Requests": [
            {
              "CompressionType": "",
              "DataType": "",
              "DownloadTime": 63,
              "EventId": 283,
              "HttpStatus": 304,
              "Size": 0,
              "URL": "https://firefox.settings.services.mozilla.com/v1/buckets/main/collections/ms-language-packs/records/cfr-v1-ru"
            },
            {
              "CompressionType": "",
              "DataType": "application/json",
              "DownloadTime": 63,
              "EventId": 281,
              "HttpStatus": 200,
              "Size": 327,
              "URL": "https://firefox.settings.services.mozilla.com/v1/buckets/main/collections/ms-language-packs/records/cfr-v1-ru"
            },
            {
              "CompressionType": "",
              "DataType": "application/json",
              "DownloadTime": 94,
              "EventId": 279,
              "HttpStatus": 200,
              "Size": 327,
              "URL": "https://firefox.settings.services.mozilla.com/v1/buckets/main/collections/ms-language-packs/records/cfr-v1-ru"
            },
            {
              "CompressionType": "",
              "DataType": "application/json",
              "DownloadTime": 63,
              "EventId": 272,
              "HttpStatus": 200,
              "Size": 939,
              "URL": "https://firefox.settings.services.mozilla.com/v1/"
            }
          ],
          "SSLCipher": "TLS_AES_256_GCM_SHA384",
          "SSLVersion": "TLS1.3"
        },
        {
          "HTTPVersion": "HTTP/1.1",
          "IP": "34.117.188.166",
          "IncludeInScript": false,
          "Name": "contile.services.mozilla.com",
          "Port": 443,
          "Requests": [
            {
              "CompressionType": "",
              "DataType": "",
              "DownloadTime": 219,
              "EventId": 291,
              "HttpStatus": 204,
              "Size": 0,
              "URL": "https://contile.services.mozilla.com/v1/tiles"
            }
          ],
          "SSLCipher": "TLS_AES_256_GCM_SHA384",
          "SSLVersion": "TLS1.3"
        }
      ],
      "IncludeInScript": true
    },
    {
      "DomainName": "localhost",
      "Domains": [
        {
          "HTTPVersion": "HTTP/1.1",
          "IP": "[::1]",
          "IncludeInScript": true,
          "Name": "localhost",
          "Port": 1080,
          "Requests": [
            {
              "CompressionType": "",
              "DataType": "",
              "DownloadTime": 15,
              "EventId": 656,
              "HttpStatus": 304,
              "Size": 0,
              "URL": "http://localhost:1080/WebTours/home.html"
            },
            {
              "CompressionType": "",
              "DataType": "text/html",
              "DownloadTime": 109,
              "EventId": 653,
              "HttpStatus": 200,
              "Size": 1490,
              "URL": "http://localhost:1080/cgi-bin/nav.pl?in=home"
            },
            {
              "CompressionType": "",
              "DataType": "text/html",
              "DownloadTime": 109,
              "EventId": 650,
              "HttpStatus": 200,
              "Size": 686,
              "URL": "http://localhost:1080/cgi-bin/welcome.pl?signOff=1"
            },
            {
              "CompressionType": "",
              "DataType": "text/html",
              "DownloadTime": 125,
              "EventId": 644,
              "HttpStatus": 200,
              "Size": 2623,
              "URL": "http://localhost:1080/cgi-bin/itinerary.pl"
            },
            {
              "CompressionType": "",
              "DataType": "image/gif",
              "DownloadTime": 0,
              "EventId": 623,
              "HttpStatus": 200,
              "Size": 742,
              "URL": "http://localhost:1080/WebTours/images/cancelallreservations.gif"
            },
            {
              "CompressionType": "",
              "DataType": "image/gif",
              "DownloadTime": 15,
              "EventId": 621,
              "HttpStatus": 200,
              "Size": 831,
              "URL": "http://localhost:1080/WebTours/images/cancelreservation.gif"
            },
            {
              "CompressionType": "",
              "DataType": "image/gif",
              "DownloadTime": 47,
              "EventId": 619,
              "HttpStatus": 200,
              "Size": 733,
              "URL": "http://localhost:1080/WebTours/images/in_itinerary.gif"
            },
            {
              "CompressionType": "",
              "DataType": "text/html",
              "DownloadTime": 109,
              "EventId": 616,
              "HttpStatus": 200,
              "Size": 3777,
              "URL": "http://localhost:1080/cgi-bin/itinerary.pl"
            },
            {
              "CompressionType": "",
              "DataType": "text/html",
              "DownloadTime": 78,
              "EventId": 613,
              "HttpStatus": 200,
              "Size": 1482,
              "URL": "http://localhost:1080/cgi-bin/nav.pl?page=menu&in=itinerary"
            },
            {
              "CompressionType": "",
              "DataType": "text/html",
              "DownloadTime": 94,
              "EventId": 608,
              "HttpStatus": 200,
              "Size": 591,
              "URL": "http://localhost:1080/cgi-bin/welcome.pl?page=itinerary"
            },
            {
              "CompressionType": "",
              "DataType": "image/gif",
              "DownloadTime": 0,
              "EventId": 600,
              "HttpStatus": 200,
              "Size": 806,
              "URL": "http://localhost:1080/WebTours/images/bookanother.gif"
            },
            {
              "CompressionType": "",
              "DataType": "text/html",
              "DownloadTime": 109,
              "EventId": 597,
              "HttpStatus": 200,
              "Size": 2483,
              "URL": "http://localhost:1080/cgi-bin/reservations.pl"
            },
            {
              "CompressionType": "",
              "DataType": "text/html",
              "DownloadTime": 140,
              "EventId": 579,
              "HttpStatus": 200,
              "Size": 2698,
              "URL": "http://localhost:1080/cgi-bin/reservations.pl"
            },
            {
              "CompressionType": "",
              "DataType": "text/html",
              "DownloadTime": 125,
              "EventId": 573,
              "HttpStatus": 200,
              "Size": 2450,
              "URL": "http://localhost:1080/cgi-bin/reservations.pl"
            },
            {
              "CompressionType": "",
              "DataType": "image/gif",
              "DownloadTime": 0,
              "EventId": 552,
              "HttpStatus": 200,
              "Size": 758,
              "URL": "http://localhost:1080/WebTours/images/button_next.gif"
            },
            {
              "CompressionType": "",
              "DataType": "image/gif",
              "DownloadTime": 15,
              "EventId": 550,
              "HttpStatus": 200,
              "Size": 688,
              "URL": "http://localhost:1080/WebTours/images/home.gif"
            },
            {
              "CompressionType": "",
              "DataType": "text/html",
              "DownloadTime": 125,
              "EventId": 546,
              "HttpStatus": 200,
              "Size": 4246,
              "URL": "http://localhost:1080/cgi-bin/reservations.pl?page=welcome"
            },
            {
              "CompressionType": "",
              "DataType": "image/gif",
              "DownloadTime": 16,
              "EventId": 544,
              "HttpStatus": 200,
              "Size": 726,
              "URL": "http://localhost:1080/WebTours/images/in_flights.gif"
            },
            {
              "CompressionType": "",
              "DataType": "text/html",
              "DownloadTime": 78,
              "EventId": 541,
              "HttpStatus": 200,
              "Size": 1482,
              "URL": "http://localhost:1080/cgi-bin/nav.pl?page=menu&in=flights"
            },
            {
              "CompressionType": "",
              "DataType": "text/html",
              "DownloadTime": 94,
              "EventId": 536,
              "HttpStatus": 200,
              "Size": 616,
              "URL": "http://localhost:1080/cgi-bin/welcome.pl?page=search"
            },
            {
              "CompressionType": "",
              "DataType": "image/gif",
              "DownloadTime": 16,
              "EventId": 518,
              "HttpStatus": 200,
              "Size": 751,
              "URL": "http://localhost:1080/WebTours/images/signoff.gif"
            },
            {
              "CompressionType": "",
              "DataType": "image/gif",
              "DownloadTime": 16,
              "EventId": 516,
              "HttpStatus": 200,
              "Size": 688,
              "URL": "http://localhost:1080/WebTours/images/in_home.gif"
            },
            {
              "CompressionType": "",
              "DataType": "image/gif",
              "DownloadTime": 16,
              "EventId": 514,
              "HttpStatus": 200,
              "Size": 733,
              "URL": "http://localhost:1080/WebTours/images/itinerary.gif"
            },
            {
              "CompressionType": "",
              "DataType": "image/gif",
              "DownloadTime": 16,
              "EventId": 512,
              "HttpStatus": 200,
              "Size": 726,
              "URL": "http://localhost:1080/WebTours/images/flights.gif"
            },
            {
              "CompressionType": "",
              "DataType": "text/html",
              "DownloadTime": 78,
              "EventId": 509,
              "HttpStatus": 200,
              "Size": 918,
              "URL": "http://localhost:1080/cgi-bin/login.pl?intro=true"
            },
            {
              "CompressionType": "",
              "DataType": "text/html",
              "DownloadTime": 94,
              "EventId": 506,
              "HttpStatus": 200,
              "Size": 1482,
              "URL": "http://localhost:1080/cgi-bin/nav.pl?page=menu&in=home"
            },
            {
              "CompressionType": "",
              "DataType": "text/html",
              "DownloadTime": 125,
              "EventId": 501,
              "HttpStatus": 200,
              "Size": 481,
              "URL": "http://localhost:1080/cgi-bin/login.pl"
            },
            {
              "CompressionType": "",
              "DataType": "image/gif",
              "DownloadTime": 0,
              "EventId": 483,
              "HttpStatus": 200,
              "Size": 679,
              "URL": "http://localhost:1080/WebTours/images/mer_login.gif"
            },
            {
              "CompressionType": "",
              "DataType": "text/html",
              "DownloadTime": 94,
              "EventId": 480,
              "HttpStatus": 200,
              "Size": 1484,
              "URL": "http://localhost:1080/cgi-bin/nav.pl?in=home"
            },
            {
              "CompressionType": "",
              "DataType": "text/html",
              "DownloadTime": 0,
              "EventId": 478,
              "HttpStatus": 200,
              "Size": 1361,
              "URL": "http://localhost:1080/WebTours/home.html"
            },
            {
              "CompressionType": "",
              "DataType": "image/png",
              "DownloadTime": 0,
              "EventId": 474,
              "HttpStatus": 200,
              "Size": 4187,
              "URL": "http://localhost:1080/webtours/images/webtours.png"
            },
            {
              "CompressionType": "",
              "DataType": "image/png",
              "DownloadTime": 16,
              "EventId": 472,
              "HttpStatus": 200,
              "Size": 601,
              "URL": "http://localhost:1080/webtours/images/hp_logo.png"
            },
            {
              "CompressionType": "",
              "DataType": "text/html",
              "DownloadTime": 125,
              "EventId": 469,
              "HttpStatus": 200,
              "Size": 686,
              "URL": "http://localhost:1080/cgi-bin/welcome.pl?signOff=true"
            },
            {
              "CompressionType": "",
              "DataType": "text/html",
              "DownloadTime": 0,
              "EventId": 467,
              "HttpStatus": 200,
              "Size": 710,
              "URL": "http://localhost:1080/webtours/header.html"
            },
            {
              "CompressionType": "",
              "DataType": "text/html",
              "DownloadTime": 0,
              "EventId": 465,
              "HttpStatus": 404,
              "Size": 209,
              "URL": "http://localhost:1080/favicon.ico"
            },
            {
              "CompressionType": "",
              "DataType": "text/html",
              "DownloadTime": 0,
              "EventId": 461,
              "HttpStatus": 200,
              "Size": 366,
              "URL": "http://localhost:1080/webtours/"
            }
          ],
          "SSLCipher": "None",
          "SSLVersion": "None"
        }
      ],
      "IncludeInScript": true
    },
    {
      "DomainName": "lencr.org",
      "Domains": [
        {
          "HTTPVersion": "HTTP/1.1",
          "IP": "[2a02:26f0:d0::214:fe78]",
          "IncludeInScript": false,
          "Name": "r10.o.lencr.org",
          "Port": 80,
          "Requests": [
            {
              "CompressionType": "",
              "DataType": "application/ocsp-response",
              "DownloadTime": 31,
              "EventId": 315,
              "HttpStatus": 200,
              "Size": 504,
              "URL": "http://r10.o.lencr.org/"
            },
            {
              "CompressionType": "",
              "DataType": "application/ocsp-response",
              "DownloadTime": 16,
              "EventId": 308,
              "HttpStatus": 200,
              "Size": 504,
              "URL": "http://r10.o.lencr.org/"
            },
            {
              "CompressionType": "",
              "DataType": "application/ocsp-response",
              "DownloadTime": 47,
              "EventId": 285,
              "HttpStatus": 200,
              "Size": 5,
              "URL": "http://r10.o.lencr.org/"
            },
            {
              "CompressionType": "",
              "DataType": "application/ocsp-response",
              "DownloadTime": 47,
              "EventId": 275,
              "HttpStatus": 200,
              "Size": 5,
              "URL": "http://r10.o.lencr.org/"
            },
            {
              "CompressionType": "",
              "DataType": "application/ocsp-response",
              "DownloadTime": 16,
              "EventId": 252,
              "HttpStatus": 200,
              "Size": 5,
              "URL": "http://r10.o.lencr.org/"
            },
            {
              "CompressionType": "",
              "DataType": "application/ocsp-response",
              "DownloadTime": 78,
              "EventId": 250,
              "HttpStatus": 200,
              "Size": 5,
              "URL": "http://r10.o.lencr.org/"
            },
            {
              "CompressionType": "",
              "DataType": "application/ocsp-response",
              "DownloadTime": 47,
              "EventId": 246,
              "HttpStatus": 200,
              "Size": 5,
              "URL": "http://r10.o.lencr.org/"
            },
            {
              "CompressionType": "",
              "DataType": "application/ocsp-response",
              "DownloadTime": 31,
              "EventId": 242,
              "HttpStatus": 200,
              "Size": 5,
              "URL": "http://r10.o.lencr.org/"
            }
          ],
          "SSLCipher": "None",
          "SSLVersion": "None"
        }
      ],
      "IncludeInScript": true
    },
    {
      "DomainName": "firefox.com",
      "Domains": [
        {
          "HTTPVersion": "HTTP/1.1",
          "IP": "[2600:1901:0:38d7::]",
          "IncludeInScript": false,
          "Name": "detectportal.firefox.com",
          "Port": 80,
          "Requests": [
            {
              "CompressionType": "",
              "DataType": "text/plain",
              "DownloadTime": 47,
              "EventId": 298,
              "HttpStatus": 200,
              "Size": 8,
              "URL": "http://detectportal.firefox.com/success.txt?ipv6"
            },
            {
              "CompressionType": "",
              "DataType": "text/plain",
              "DownloadTime": 31,
              "EventId": 296,
              "HttpStatus": 200,
              "Size": 8,
              "URL": "http://detectportal.firefox.com/success.txt?ipv4"
            },
            {
              "CompressionType": "",
              "DataType": "text/html",
              "DownloadTime": 47,
              "EventId": 266,
              "HttpStatus": 200,
              "Size": 90,
              "URL": "http://detectportal.firefox.com/canonical.html"
            },
            {
              "CompressionType": "",
              "DataType": "text/plain",
              "DownloadTime": 63,
              "EventId": 244,
              "HttpStatus": 200,
              "Size": 8,
              "URL": "http://detectportal.firefox.com/success.txt?ipv6"
            },
            {
              "CompressionType": "",
              "DataType": "text/plain",
              "DownloadTime": 31,
              "EventId": 228,
              "HttpStatus": 200,
              "Size": 8,
              "URL": "http://detectportal.firefox.com/success.txt?ipv4"
            },
            {
              "CompressionType": "",
              "DataType": "text/html",
              "DownloadTime": 62,
              "EventId": 189,
              "HttpStatus": 200,
              "Size": 90,
              "URL": "http://detectportal.firefox.com/canonical.html"
            }
          ],
          "SSLCipher": "None",
          "SSLVersion": "None"
        }
      ],
      "IncludeInScript": true
    },
    {
      "DomainName": "digicert.com",
      "Domains": [
        {
          "HTTPVersion": "HTTP/1.1",
          "IP": "[2606:2800:233:fa02:67b:9ff6:6107:833]",
          "IncludeInScript": false,
          "Name": "ocsp.digicert.com",
          "Port": 80,
          "Requests": [
            {
              "CompressionType": "",
              "DataType": "application/ocsp-response",
              "DownloadTime": 109,
              "EventId": 294,
              "HttpStatus": 200,
              "Size": 5,
              "URL": "http://ocsp.digicert.com/"
            },
            {
              "CompressionType": "",
              "DataType": "application/ocsp-response",
              "DownloadTime": 109,
              "EventId": 277,
              "HttpStatus": 200,
              "Size": 5,
              "URL": "http://ocsp.digicert.com/"
            }
          ],
          "SSLCipher": "None",
          "SSLVersion": "None"
        }
      ],
      "IncludeInScript": true
    }
  ],
  "WebSocket": {
    "IncludeInScript": false,
    "IsScriptIncludeWebSocket": true
  },
  "NumberOfCorrelations": 3
}